{
  "suite": "Quick Performance Check",
  "timestamp": "2025-07-15T23:46:55.850704",
  "benchmarks": [
    "MCP Response Time",
    "MCP Cold/Warm Start"
  ],
  "summary": {
    "MCP Response Time": {
      "mean_time": 0.011934048996772617,
      "throughput": 83.4493063306653,
      "peak_memory_mb": 1.5,
      "errors": 0
    },
    "MCP Cold/Warm Start": {
      "mean_time": 0.2666149594122544,
      "throughput": 3.750093432608535,
      "peak_memory_mb": 0.125,
      "errors": 0
    }
  }
}